{"count":1,"gauges":{},"self":78.951449599999989,"total":79.1625601,"children":{"AgentSendState":{"count":3935,"self":0.0440046,"total":0.1530669,"children":{"CollectObservations":{"count":6289,"self":0.0140124,"total":0.0140124,"children":null},"CollectDiscreteActionMasks":{"count":6289,"self":0.0060009,"total":0.0060009,"children":null},"RayPerceptionSensor.Perceive":{"count":6289,"self":0.089048999999999989,"total":0.089048999999999989,"children":null}}},"DecideAction":{"count":3935,"self":0.0050059,"total":0.0050059,"children":null},"AgentAct":{"count":3935,"self":0.0510408,"total":0.0510408,"children":null}}}