{"count":1,"gauges":{"PushBlock.CumulativeReward":{"count":163,"max":4.9958,"min":4.892999,"value":4.9782,"weightedAverage":4.981166}},"self":13.1425176,"total":14.389971399999999,"children":{"AgentSendState":{"count":693,"self":0.0488655,"total":0.0598121,"children":{"CollectObservations":{"count":4448,"self":0.0049679,"total":0.0049679,"children":null},"CollectDiscreteActionMasks":{"count":4448,"self":0.0059787,"total":0.0059787,"children":null}}},"DecideAction":{"count":693,"self":0.85048519999999994,"total":1.1417567,"children":{"RayPerceptionSensor.Perceive":{"count":8896,"self":0.29127149999999996,"total":0.29127149999999996,"children":null}}},"AgentAct":{"count":693,"self":0.044885499999999995,"total":0.044885499999999995,"children":null}}}