{"cameraMode":{"drawMode":0,"name":"Shaded","section":"Shading Mode"},"sceneLighting":false,"audioPlay":false,"sceneViewState":{"showFog":true,"showMaterialUpdate":false,"showSkybox":false,"showFlares":true,"showImageEffects":true,"showParticleSystems":true},"in2DMode":false,"pivot":{"x":197.04209899902345,"y":139.17568969726563,"z":193.72366333007813},"rotation":{"x":-0.2982843518257141,"y":-0.1051006019115448,"z":0.03306590020656586,"w":-0.948096513748169},"size":18.700077056884767,"orthographic":false}