{"cameraMode":{"drawMode":0,"name":"Shaded","section":"Shading Mode"},"sceneLighting":true,"audioPlay":false,"sceneViewState":{"showFog":true,"showMaterialUpdate":false,"showSkybox":true,"showFlares":true,"showImageEffects":true,"showParticleSystems":true},"in2DMode":false,"pivot":{"x":8.942377090454102,"y":-16.105022430419923,"z":7.222240447998047},"rotation":{"x":-0.3280474841594696,"y":-0.40507271885871889,"z":0.15846498310565949,"w":-0.8385641574859619},"size":187.827392578125,"orthographic":false}