{"cameraMode":{"drawMode":0,"name":"Shaded","section":"Shading Mode"},"sceneLighting":true,"audioPlay":false,"sceneViewState":{"showFog":false,"showMaterialUpdate":false,"showSkybox":false,"showFlares":false,"showImageEffects":true,"showParticleSystems":true},"in2DMode":false,"pivot":{"x":-1.316494345664978,"y":-12.515678405761719,"z":12.483494758605957},"rotation":{"x":-0.43384113907814028,"y":0.014052284881472588,"z":-0.006767300423234701,"w":-0.9008544087409973},"size":44.49215316772461,"orthographic":false}