{"cameraMode":{"drawMode":0,"name":"Shaded","section":"Shading Mode"},"sceneLighting":true,"audioPlay":false,"sceneViewState":{"showFog":false,"showMaterialUpdate":false,"showSkybox":false,"showFlares":false,"showImageEffects":true,"showParticleSystems":true},"in2DMode":false,"pivot":{"x":-2.7897725105285646,"y":-0.8494598865509033,"z":4.581709861755371},"rotation":{"x":-0.43384113907814028,"y":0.014052284881472588,"z":-0.006767300423234701,"w":-0.9008544087409973},"size":12.515233039855957,"orthographic":false}